Date ,Day,Month,Quarter,Year,series ,OPEN ,HIGH ,LOW ,PREV. CLOSE ,ltp ,close ,vwap ,52W H ,52W L ,VOLUME ,No of trades 
9-May-24,Thursday,May,Q2,2024,EQ,2864.80,2883.65,2756.00,2860.55,2765.00,2766.65,2814.22,3350.00,1857.75,1485510.00,116557.00
8-May-24,Wednesday,May,Q2,2024,EQ,2850.00,2890.90,2820.00,2835.95,2862.00,2860.55,2860.65,3350.00,1857.75,951411.00,57225.00
7-May-24,Tuesday,May,Q2,2024,EQ,2889.95,2905.35,2822.00,2874.65,2839.00,2835.95,2857.91,3350.00,1857.75,1262311.00,73865.00
6-May-24,Monday,May,Q2,2024,EQ,2993.25,3000.20,2850.00,2993.25,2872.00,2874.65,2890.39,3350.00,1857.75,2377944.00,126554.00
3-May-24,Friday,May,Q2,2024,EQ,3030.00,3045.00,2975.10,3039.60,2990.00,2993.25,3007.11,3350.00,1785.35,1472168.00,93663.00
2-May-24,Thursday,May,Q2,2024,EQ,3071.95,3119.85,3015.05,3054.70,3029.00,3039.60,3065.29,3350.00,1785.35,2219085.00,169345.00
30-Apr-24,Tuesday,April,Q2,2024,EQ,3094.00,3108.45,3045.00,3081.20,3052.50,3054.70,3074.15,3350.00,1785.35,804552.00,50263.00
29-Apr-24,Monday,April,Q2,2024,EQ,3110.00,3110.50,3051.50,3080.40,3080.00,3081.20,3079.00,3350.00,1785.35,648544.00,51392.00
26-Apr-24,Friday,April,Q2,2024,EQ,3119.90,3129.90,3066.05,3115.25,3089.00,3080.40,3090.20,3350.00,1775.80,662764.00,51695.00
25-Apr-24,Thursday,April,Q2,2024,EQ,3050.00,3120.90,3025.65,3043.55,3115.00,3115.25,3078.50,3350.00,1775.80,1515529.00,103832.00
24-Apr-24,Wednesday,April,Q2,2024,EQ,3071.95,3087.85,3040.00,3065.10,3042.90,3043.55,3066.42,3350.00,1775.80,605917.00,36665.00
23-Apr-24,Tuesday,April,Q2,2024,EQ,3059.00,3091.00,3043.10,3063.35,3058.00,3065.10,3066.74,3350.00,1775.80,1654272.00,61219.00
22-Apr-24,Monday,April,Q2,2024,EQ,3053.00,3077.50,3025.00,3026.95,3072.25,3063.35,3050.24,3350.00,1775.80,993929.00,51253.00
19-Apr-24,Friday,April,Q2,2024,EQ,3000.00,3057.05,2962.50,3019.30,3032.00,3026.95,3020.56,3350.00,1775.80,1727317.00,91721.00
18-Apr-24,Thursday,April,Q2,2024,EQ,3125.15,3145.00,3008.30,3106.40,3035.00,3019.30,3095.25,3350.00,1775.80,1703646.00,106820.00
16-Apr-24,Tuesday,April,Q2,2024,EQ,3101.00,3149.20,3100.00,3147.45,3108.00,3106.40,3119.45,3350.00,1775.80,1134184.00,48602.00
15-Apr-24,Monday,April,Q2,2024,EQ,3150.00,3180.30,3103.20,3209.90,3149.95,3147.45,3143.46,3350.00,1775.80,1035378.00,73457.00
12-Apr-24,Friday,April,Q2,2024,EQ,3210.00,3247.50,3205.30,3242.00,3215.00,3209.90,3221.01,3350.00,1760.60,705173.00,40387.00
10-Apr-24,Wednesday,April,Q2,2024,EQ,3200.00,3254.60,3192.50,3198.45,3245.00,3242.00,3231.43,3350.00,1760.60,1441138.00,55670.00
9-Apr-24,Tuesday,April,Q2,2024,EQ,3240.70,3251.00,3185.00,3224.55,3202.60,3198.45,3214.28,3350.00,1760.60,833679.00,38430.00
8-Apr-24,Monday,April,Q2,2024,EQ,3240.95,3243.50,3197.20,3224.80,3236.00,3224.55,3216.90,3350.00,1760.60,577440.00,37073.00
5-Apr-24,Friday,April,Q2,2024,EQ,3211.10,3234.00,3178.95,3210.80,3217.90,3224.80,3215.34,3350.00,1671.55,755607.00,37497.00
4-Apr-24,Thursday,April,Q2,2024,EQ,3250.00,3273.00,3201.70,3233.45,3220.00,3210.80,3234.57,3350.00,1671.55,1403826.00,99323.00
3-Apr-24,Wednesday,April,Q2,2024,EQ,3250.00,3260.15,3222.00,3268.75,3238.00,3233.45,3238.76,3350.00,1671.55,1153109.00,55622.00
2-Apr-24,Tuesday,April,Q2,2024,EQ,3258.95,3285.00,3240.00,3252.10,3267.35,3268.75,3259.76,3350.00,1671.55,868829.00,55071.00
1-Apr-24,Monday,April,Q2,2024,EQ,3230.20,3291.80,3207.85,3197.10,3255.20,3252.10,3247.41,3350.00,1671.55,1292646.00,71000.00
28-Mar-24,Thursday,March,Q1,2024,EQ,3134.00,3237.00,3096.75,3122.10,3197.00,3197.10,3178.72,3350.00,1573.00,2327053.00,141506.00
27-Mar-24,Wednesday,March,Q1,2024,EQ,3115.00,3138.45,3106.25,3109.95,3124.25,3122.10,3122.82,3350.00,1573.00,900231.00,66957.00
26-Mar-24,Tuesday,March,Q1,2024,EQ,3100.50,3171.95,3089.10,3107.70,3112.00,3109.95,3130.27,3350.00,1573.00,937103.00,66405.00
22-Mar-24,Friday,March,Q1,2024,EQ,3066.55,3128.95,3048.05,3066.50,3103.00,3107.70,3095.08,3350.00,1573.00,951557.00,63264.00
21-Mar-24,Thursday,March,Q1,2024,EQ,3089.55,3107.10,3059.60,3051.45,3071.65,3066.50,3080.51,3350.00,1573.00,1175751.00,67248.00
20-Mar-24,Wednesday,March,Q1,2024,EQ,3075.00,3083.20,3021.10,3052.70,3050.10,3051.45,3046.55,3350.00,1573.00,966481.00,64232.00
19-Mar-24,Tuesday,March,Q1,2024,EQ,3126.00,3164.80,3041.85,3111.75,3055.90,3052.70,3093.78,3350.00,1573.00,1460452.00,92875.00
18-Mar-24,Monday,March,Q1,2024,EQ,3050.10,3124.00,2976.05,3132.20,3110.00,3111.75,3053.40,3350.00,1573.00,3042515.00,159589.00
15-Mar-24,Friday,March,Q1,2024,EQ,3111.00,3143.40,3061.25,3087.45,3125.00,3132.20,3108.38,3350.00,1573.00,2199094.00,120251.00
14-Mar-24,Thursday,March,Q1,2024,EQ,2927.45,3101.20,2880.00,2906.20,3085.00,3087.45,3033.64,3350.00,1573.00,3759100.00,246625.00
13-Mar-24,Wednesday,March,Q1,2024,EQ,3125.00,3138.05,2850.15,3122.50,2909.80,2906.20,2950.44,3350.00,1573.00,3407040.00,237808.00
12-Mar-24,Tuesday,March,Q1,2024,EQ,3207.35,3222.70,3111.00,3207.35,3122.90,3122.50,3156.27,3350.00,1573.00,1199487.00,86164.00
11-Mar-24,Monday,March,Q1,2024,EQ,3241.20,3259.00,3200.00,3226.55,3210.00,3207.35,3229.54,3350.00,1573.00,738851.00,48887.00
7-Mar-24,Thursday,March,Q1,2024,EQ,3240.00,3262.00,3220.00,3233.95,3229.00,3226.55,3240.29,3350.00,1573.00,856328.00,52628.00
6-Mar-24,Wednesday,March,Q1,2024,EQ,3323.00,3323.00,3183.15,3310.20,3238.00,3233.95,3226.77,3350.00,1573.00,1935203.00,111432.00
5-Mar-24,Tuesday,March,Q1,2024,EQ,3325.30,3334.00,3295.05,3317.15,3328.00,3310.20,3314.16,3350.00,1573.00,1190416.00,68687.00
4-Mar-24,Monday,March,Q1,2024,EQ,3335.00,3350.00,3310.05,3333.25,3320.95,3317.15,3325.35,3350.00,1573.00,1061244.00,59907.00
2-Mar-24,Saturday,March,Q1,2024,EQ,3332.00,3348.70,3321.50,3318.75,3332.50,3333.25,3333.12,3348.70,1103.75,119511.00,9160.00
1-Mar-24,Friday,March,Q1,2024,EQ,3309.85,3346.00,3281.80,3285.40,3321.50,3318.75,3314.26,3346.00,1103.75,1161067.00,64364.00
29-Feb-24,Thursday,February,Q1,2024,EQ,3220.05,3304.75,3205.35,3219.00,3299.90,3285.40,3260.07,3344.00,1103.75,1352988.00,95429.00
28-Feb-24,Wednesday,February,Q1,2024,EQ,3309.20,3318.80,3207.50,3302.30,3218.90,3219.00,3252.19,3344.00,1103.75,1358879.00,98070.00
27-Feb-24,Tuesday,February,Q1,2024,EQ,3339.00,3340.00,3273.00,3327.75,3296.00,3302.30,3306.04,3344.00,1103.75,1125570.00,65439.00
26-Feb-24,Monday,February,Q1,2024,EQ,3272.00,3344.00,3263.00,3273.30,3328.00,3327.75,3318.26,3344.00,1103.75,1695378.00,104868.00
23-Feb-24,Friday,February,Q1,2024,EQ,3263.05,3319.95,3225.10,3263.05,3273.05,3273.30,3281.89,3319.95,1103.75,1975035.00,84335.00
22-Feb-24,Thursday,February,Q1,2024,EQ,3239.00,3274.00,3210.50,3223.20,3261.30,3263.05,3236.68,3308.60,1103.75,1138722.00,88963.00
21-Feb-24,Wednesday,February,Q1,2024,EQ,3238.00,3300.00,3205.00,3228.60,3226.95,3223.20,3258.00,3308.60,1103.75,1657021.00,105900.00
20-Feb-24,Tuesday,February,Q1,2024,EQ,3267.00,3269.80,3210.15,3258.80,3235.00,3228.60,3238.23,3308.60,1103.75,1467630.00,61717.00
19-Feb-24,Monday,February,Q1,2024,EQ,3240.00,3308.60,3235.80,3223.60,3265.00,3258.80,3275.82,3308.60,1103.75,1779444.00,87952.00
16-Feb-24,Friday,February,Q1,2024,EQ,3214.00,3252.30,3192.65,3193.80,3223.20,3223.60,3221.58,3277.95,1103.75,2193673.00,84990.00
15-Feb-24,Thursday,February,Q1,2024,EQ,3219.85,3252.75,3184.05,3207.20,3190.40,3193.80,3214.66,3277.95,1103.75,2035204.00,90530.00
14-Feb-24,Wednesday,February,Q1,2024,EQ,3184.00,3255.25,3169.85,3178.45,3202.00,3207.20,3212.71,3277.95,1103.75,1741264.00,101676.00
13-Feb-24,Tuesday,February,Q1,2024,EQ,3180.00,3194.00,3092.05,3169.75,3180.00,3178.45,3142.91,3277.95,1103.75,1225207.00,73578.00
12-Feb-24,Monday,February,Q1,2024,EQ,3229.00,3241.95,3160.00,3215.20,3166.00,3169.75,3193.32,3277.95,1103.75,1083138.00,64420.00
9-Feb-24,Friday,February,Q1,2024,EQ,3184.45,3224.95,3121.20,3168.60,3215.00,3215.20,3182.28,3277.95,1103.75,1572789.00,92034.00
8-Feb-24,Thursday,February,Q1,2024,EQ,3245.60,3245.60,3146.10,3229.85,3179.00,3168.60,3186.56,3277.95,1103.75,1679004.00,126898.00
7-Feb-24,Wednesday,February,Q1,2024,EQ,3220.05,3277.95,3210.00,3203.75,3233.00,3229.85,3242.51,3277.95,1103.75,2095911.00,122378.00
6-Feb-24,Tuesday,February,Q1,2024,EQ,3183.90,3228.20,3160.00,3173.45,3200.65,3203.75,3197.81,3236.95,1103.75,2078891.00,148672.00
5-Feb-24,Monday,February,Q1,2024,EQ,3170.00,3229.40,3151.45,3157.45,3175.25,3173.45,3192.80,3236.95,1103.75,2191195.00,132489.00
2-Feb-24,Friday,February,Q1,2024,EQ,3184.95,3208.50,3140.00,3153.50,3157.00,3157.45,3173.20,3236.95,1017.45,2708695.00,123968.00
1-Feb-24,Thursday,February,Q1,2024,EQ,3156.90,3236.95,3083.05,3142.00,3154.85,3153.50,3162.65,3236.95,1017.45,4686595.00,211723.00
31-Jan-24,Wednesday,January,Q1,2024,EQ,3092.75,3151.70,3072.40,3091.10,3138.00,3142.00,3116.94,3199.00,1017.45,2671051.00,115716.00
30-Jan-24,Tuesday,January,Q1,2024,EQ,3081.00,3129.90,3020.90,3064.65,3096.00,3091.10,3090.43,3199.00,1017.45,3115506.00,152019.00
29-Jan-24,Monday,January,Q1,2024,EQ,2929.00,3092.70,2923.05,2893.60,3061.00,3064.65,3044.27,3199.00,1017.45,4402976.00,276784.00
25-Jan-24,Thursday,January,Q1,2024,EQ,2903.45,2926.35,2804.40,2903.45,2903.00,2893.60,2860.14,3508.00,1017.45,2601969.00,135262.00
24-Jan-24,Wednesday,January,Q1,2024,EQ,2901.00,2929.10,2871.25,2896.55,2908.00,2903.45,2891.63,3508.00,1017.45,5807940.00,160772.00
23-Jan-24,Tuesday,January,Q1,2024,EQ,3014.95,3014.95,2885.50,2987.90,2900.35,2896.55,2945.88,3508.00,1017.45,1827002.00,101673.00
20-Jan-24,Saturday,January,Q1,2024,EQ,2930.00,3015.85,2890.50,2915.65,2987.85,2987.90,2939.51,3739.95,1017.45,1878793.00,83748.00
19-Jan-24,Friday,January,Q1,2024,EQ,2945.35,2949.45,2903.05,2918.90,2915.30,2915.65,2926.36,3739.95,1017.45,2014096.00,88297.00
18-Jan-24,Thursday,January,Q1,2024,EQ,2975.55,2985.00,2885.10,2971.05,2925.05,2918.90,2923.25,3739.95,1017.45,2552342.00,137932.00
17-Jan-24,Wednesday,January,Q1,2024,EQ,3033.00,3045.00,2946.30,3056.50,2978.00,2971.05,2994.68,3739.95,1017.45,2897218.00,116205.00
16-Jan-24,Tuesday,January,Q1,2024,EQ,3095.00,3104.50,3035.00,3089.50,3059.00,3056.50,3066.60,3739.95,1017.45,2515564.00,81017.00
15-Jan-24,Monday,January,Q1,2024,EQ,3127.00,3130.00,3067.45,3104.10,3091.30,3089.50,3095.46,3739.95,1017.45,1407007.00,66077.00
12-Jan-24,Friday,January,Q1,2024,EQ,3096.35,3125.00,3068.20,3080.90,3105.40,3104.10,3100.07,3880.00,1017.45,1795933.00,81003.00
11-Jan-24,Thursday,January,Q1,2024,EQ,3120.00,3129.00,3065.00,3098.20,3084.00,3080.90,3089.22,3880.00,1017.45,2008103.00,82014.00
10-Jan-24,Wednesday,January,Q1,2024,EQ,3024.00,3112.00,3020.05,3014.60,3107.80,3098.20,3077.75,3880.00,1017.45,3590297.00,146816.00
9-Jan-24,Tuesday,January,Q1,2024,EQ,2990.70,3068.80,2980.00,2963.50,3024.95,3014.60,3029.63,3880.00,1017.45,2885706.00,124090.00
8-Jan-24,Monday,January,Q1,2024,EQ,3020.00,3027.00,2952.95,3006.60,2965.00,2963.50,2990.76,3880.00,1017.45,1849061.00,77114.00
5-Jan-24,Friday,January,Q1,2024,EQ,3009.95,3066.90,2981.10,2998.30,3009.00,3006.60,3026.08,3880.00,1017.45,3219949.00,125926.00
4-Jan-24,Thursday,January,Q1,2024,EQ,3039.40,3044.45,2990.00,3003.00,2996.00,2998.30,3011.56,3880.00,1017.45,2975620.00,122929.00
3-Jan-24,Wednesday,January,Q1,2024,EQ,3047.00,3199.00,2955.60,2932.40,3005.00,3003.00,3060.56,3880.00,1017.45,19725411.00,762896.00
2-Jan-24,Tuesday,January,Q1,2024,EQ,2922.00,2948.20,2841.00,2917.20,2931.00,2932.40,2903.97,3880.00,1017.45,2671368.00,116025.00
1-Jan-24,Monday,January,Q1,2024,EQ,2852.30,2947.00,2842.05,2848.95,2902.85,2917.20,2914.54,3880.00,1017.45,2898619.00,116403.00
29-Dec-23,Friday,December,Q4,2023,EQ,2823.90,2863.30,2802.85,2809.90,2849.05,2848.95,2838.38,3898.00,1017.45,1507086.00,65085.00
28-Dec-23,Thursday,December,Q4,2023,EQ,2855.00,2867.35,2800.10,2843.35,2816.90,2809.90,2818.51,3898.00,1017.45,4102912.00,108070.00
27-Dec-23,Wednesday,December,Q4,2023,EQ,2880.70,2894.80,2833.60,2865.45,2846.00,2843.35,2854.23,3898.00,1017.45,1698325.00,96864.00
26-Dec-23,Tuesday,December,Q4,2023,EQ,2817.00,2893.75,2800.10,2808.35,2877.05,2865.45,2859.55,3898.00,1017.45,2048484.00,124764.00
22-Dec-23,Friday,December,Q4,2023,EQ,2815.95,2847.60,2791.40,2799.75,2806.00,2808.35,2819.62,4190.00,1017.45,1513956.00,76777.00
21-Dec-23,Thursday,December,Q4,2023,EQ,2750.00,2821.95,2725.00,2783.85,2812.90,2799.75,2788.43,4190.00,1017.45,2678577.00,139231.00
20-Dec-23,Wednesday,December,Q4,2023,EQ,2946.00,2968.00,2766.20,2941.25,2775.00,2783.85,2870.07,4190.00,1017.45,3417739.00,171337.00
19-Dec-23,Tuesday,December,Q4,2023,EQ,2988.80,2994.35,2915.00,2980.60,2940.00,2941.25,2950.36,4190.00,1017.45,1741493.00,81742.00
18-Dec-23,Monday,December,Q4,2023,EQ,2993.95,3027.75,2961.10,2991.80,2974.00,2980.60,2993.07,4190.00,1017.45,2315922.00,100133.00
15-Dec-23,Friday,December,Q4,2023,EQ,2912.05,3000.00,2893.90,2894.05,2987.00,2991.80,2962.62,4190.00,1017.45,4921484.00,180486.00
14-Dec-23,Thursday,December,Q4,2023,EQ,2900.95,2932.95,2887.00,2875.05,2893.00,2894.05,2908.68,4190.00,1017.45,3224681.00,140194.00
13-Dec-23,Wednesday,December,Q4,2023,EQ,2860.00,2899.10,2805.00,2857.65,2887.00,2875.05,2854.75,4190.00,1017.45,2805832.00,118936.00
12-Dec-23,Tuesday,December,Q4,2023,EQ,2869.10,2895.95,2840.55,2855.80,2855.00,2857.65,2864.57,4190.00,1017.45,2017772.00,91033.00
11-Dec-23,Monday,December,Q4,2023,EQ,2837.05,2919.90,2811.05,2822.15,2862.00,2855.80,2867.92,4190.00,1017.45,5064123.00,202891.00
8-Dec-23,Friday,December,Q4,2023,EQ,2902.70,2927.00,2760.00,2887.15,2829.90,2822.15,2839.19,4190.00,1017.45,6959428.00,289285.00
7-Dec-23,Thursday,December,Q4,2023,EQ,2900.00,2945.90,2853.05,2883.95,2892.30,2887.15,2898.60,4190.00,1017.45,6325887.00,265235.00
6-Dec-23,Wednesday,December,Q4,2023,EQ,3080.00,3154.55,2844.85,2959.35,2893.00,2883.95,2987.51,4190.00,1017.45,19355777.00,780601.00
5-Dec-23,Tuesday,December,Q4,2023,EQ,2531.20,2999.90,2531.20,2531.20,2971.00,2959.35,2804.15,4190.00,1017.45,22879079.00,753504.00
4-Dec-23,Monday,December,Q4,2023,EQ,2549.95,2595.00,2487.45,2362.70,2523.00,2531.20,2529.80,4190.00,1017.45,5681516.00,226984.00
1-Dec-23,Friday,December,Q4,2023,EQ,2370.00,2403.35,2354.10,2358.55,2359.00,2362.70,2372.38,4190.00,1017.45,1792983.00,79854.00
30-Nov-23,Thursday,November,Q4,2023,EQ,2400.05,2409.00,2343.05,2396.60,2365.50,2358.55,2361.69,4190.00,1017.45,2983879.00,128913.00
29-Nov-23,Wednesday,November,Q4,2023,EQ,2468.70,2477.65,2390.00,2423.50,2394.00,2396.60,2429.99,4190.00,1017.45,4561574.00,176974.00
28-Nov-23,Tuesday,November,Q4,2023,EQ,2301.00,2512.40,2275.00,2225.45,2430.00,2423.50,2416.12,4190.00,1017.45,11972275.00,429582.00
24-Nov-23,Friday,November,Q4,2023,EQ,2179.00,2251.95,2160.90,2175.25,2250.00,2225.45,2206.04,4190.00,1017.45,1946259.00,91515.00
23-Nov-23,Thursday,November,Q4,2023,EQ,2190.00,2190.00,2160.60,2172.65,2179.00,2175.25,2176.85,4190.00,1017.45,729114.00,38958.00
22-Nov-23,Wednesday,November,Q4,2023,EQ,2205.15,2225.00,2153.50,2196.65,2175.00,2172.65,2175.45,4190.00,1017.45,1247205.00,58112.00
21-Nov-23,Tuesday,November,Q4,2023,EQ,2160.00,2232.55,2158.35,2149.85,2197.60,2196.65,2207.07,4190.00,1017.45,1839502.00,90480.00
20-Nov-23,Monday,November,Q4,2023,EQ,2211.00,2218.50,2142.00,2208.80,2151.00,2149.85,2173.70,4190.00,1017.45,1577213.00,78926.00
17-Nov-23,Friday,November,Q4,2023,EQ,2205.90,2237.95,2201.00,2205.90,2209.00,2208.80,2216.32,4190.00,1017.45,916518.00,43810.00
16-Nov-23,Thursday,November,Q4,2023,EQ,2226.00,2232.80,2196.10,2225.40,2203.00,2205.90,2211.42,4190.00,1017.45,1307584.00,73917.00
15-Nov-23,Wednesday,November,Q4,2023,EQ,2240.00,2250.00,2220.50,2213.65,2223.95,2225.40,2228.39,4190.00,1017.45,696475.00,33170.00
13-Nov-23,Monday,November,Q4,2023,EQ,2215.50,2241.90,2195.55,2211.35,2218.00,2213.65,2212.76,4190.00,1017.45,853633.00,42537.00
12-Nov-23,Sunday,November,Q4,2023,EQ,2219.70,2226.00,2205.10,2205.10,2207.50,2211.35,2215.90,4190.00,1017.45,148320.00,9273.00
10-Nov-23,Friday,November,Q4,2023,EQ,2220.25,2237.00,2198.50,2214.65,2209.00,2205.10,2214.55,4190.00,1017.45,1072597.00,45963.00
9-Nov-23,Thursday,November,Q4,2023,EQ,2269.00,2272.60,2210.10,2259.95,2219.95,2214.65,2231.38,4190.00,1017.45,1267890.00,63026.00
8-Nov-23,Wednesday,November,Q4,2023,EQ,2245.30,2298.00,2235.00,2233.35,2259.00,2259.95,2263.84,4190.00,1017.45,1169180.00,58323.00
7-Nov-23,Tuesday,November,Q4,2023,EQ,2257.00,2260.00,2226.65,2246.00,2235.45,2233.35,2240.69,4190.00,1017.45,641554.00,33475.00
6-Nov-23,Monday,November,Q4,2023,EQ,2253.95,2260.00,2233.00,2229.85,2245.10,2246.00,2244.88,4190.00,1017.45,770061.00,43846.00
3-Nov-23,Friday,November,Q4,2023,EQ,2215.30,2279.00,2215.00,2215.30,2229.25,2229.85,2244.27,4190.00,1017.45,1853300.00,82880.00
2-Nov-23,Thursday,November,Q4,2023,EQ,2247.00,2297.95,2204.20,2217.30,2214.00,2215.30,2247.07,4190.00,1017.45,2340997.00,127122.00
1-Nov-23,Wednesday,November,Q4,2023,EQ,2299.00,2312.25,2207.00,2294.65,2215.90,2217.30,2253.36,4190.00,1017.45,1666579.00,79883.00
31-Oct-23,Tuesday,October,Q4,2023,EQ,2320.00,2320.00,2276.00,2299.10,2297.00,2294.65,2294.76,4190.00,1017.45,1155280.00,52388.00
30-Oct-23,Monday,October,Q4,2023,EQ,2260.05,2305.00,2250.00,2261.70,2294.55,2299.10,2286.43,4190.00,1017.45,996448.00,53630.00
27-Oct-23,Friday,October,Q4,2023,EQ,2222.00,2275.00,2212.00,2203.20,2259.80,2261.70,2246.49,4190.00,1017.45,1244293.00,63625.00
26-Oct-23,Thursday,October,Q4,2023,EQ,2249.00,2249.00,2167.05,2257.00,2208.00,2203.20,2202.63,4190.00,1017.45,2226073.00,128777.00
25-Oct-23,Wednesday,October,Q4,2023,EQ,2320.00,2348.05,2235.30,2308.65,2261.00,2257.00,2287.32,4190.00,1017.45,1540819.00,79580.00
23-Oct-23,Monday,October,Q4,2023,EQ,2397.80,2412.35,2301.80,2393.75,2304.95,2308.65,2339.84,4190.00,1017.45,1483549.00,81837.00
20-Oct-23,Friday,October,Q4,2023,EQ,2398.05,2443.95,2382.05,2402.20,2395.00,2393.75,2403.46,4190.00,1017.45,1240350.00,56041.00
19-Oct-23,Thursday,October,Q4,2023,EQ,2400.00,2414.70,2382.55,2406.35,2403.55,2402.20,2399.00,4190.00,1017.45,1168822.00,67638.00
18-Oct-23,Wednesday,October,Q4,2023,EQ,2440.00,2441.75,2401.05,2428.40,2410.00,2406.35,2417.18,4190.00,1017.45,776977.00,40653.00
17-Oct-23,Tuesday,October,Q4,2023,EQ,2459.95,2462.00,2423.50,2429.35,2429.80,2428.40,2441.19,4190.00,1017.45,707543.00,39591.00
16-Oct-23,Monday,October,Q4,2023,EQ,2454.55,2464.70,2421.85,2454.55,2430.00,2429.35,2447.48,4190.00,1017.45,803856.00,42165.00
13-Oct-23,Friday,October,Q4,2023,EQ,2488.90,2495.00,2422.35,2506.35,2449.00,2454.55,2446.51,4190.00,1017.45,2278682.00,97378.00
12-Oct-23,Thursday,October,Q4,2023,EQ,2499.90,2521.75,2490.65,2488.60,2505.10,2506.35,2506.49,4190.00,1017.45,1804818.00,59299.00
11-Oct-23,Wednesday,October,Q4,2023,EQ,2533.90,2538.00,2482.50,2498.30,2497.00,2488.60,2512.68,4190.00,1017.45,1627836.00,56575.00
10-Oct-23,Tuesday,October,Q4,2023,EQ,2443.00,2517.95,2443.00,2442.60,2495.00,2498.30,2492.25,4190.00,1017.45,1771910.00,70051.00
9-Oct-23,Monday,October,Q4,2023,EQ,2440.00,2459.70,2411.30,2478.10,2440.00,2442.60,2435.04,4190.00,1017.45,1408224.00,59652.00
6-Oct-23,Friday,October,Q4,2023,EQ,2466.35,2514.95,2466.05,2466.35,2479.90,2478.10,2491.17,4190.00,1017.45,1510035.00,59609.00
5-Oct-23,Thursday,October,Q4,2023,EQ,2477.95,2486.50,2446.40,2464.95,2466.00,2466.35,2464.12,4190.00,1017.45,1132455.00,64651.00
4-Oct-23,Wednesday,October,Q4,2023,EQ,2402.20,2502.75,2392.25,2387.25,2464.30,2464.95,2451.95,4190.00,1017.45,2857377.00,124922.00
3-Oct-23,Tuesday,October,Q4,2023,EQ,2418.00,2424.90,2372.00,2413.90,2387.10,2387.25,2395.35,4190.00,1017.45,2019899.00,70447.00
29-Sep-23,Friday,September,Q3,2023,EQ,2462.05,2479.55,2405.05,2475.25,2416.00,2413.90,2430.24,4190.00,1017.45,1689201.00,81407.00
28-Sep-23,Thursday,September,Q3,2023,EQ,2489.95,2511.00,2446.70,2483.30,2477.10,2475.25,2478.59,4190.00,1017.45,2225560.00,75079.00
27-Sep-23,Wednesday,September,Q3,2023,EQ,2460.00,2498.00,2445.10,2457.95,2484.00,2483.30,2475.27,4190.00,1017.45,1077373.00,42234.00
26-Sep-23,Tuesday,September,Q3,2023,EQ,2491.00,2499.00,2452.60,2482.10,2458.50,2457.95,2474.46,4190.00,1017.45,698863.00,35719.00
25-Sep-23,Monday,September,Q3,2023,EQ,2479.95,2489.00,2424.00,2464.90,2484.00,2482.10,2460.35,4190.00,1017.45,1216898.00,62473.00
22-Sep-23,Friday,September,Q3,2023,EQ,2489.95,2498.00,2460.00,2479.25,2462.00,2464.90,2474.07,4190.00,1017.45,865589.00,44391.00
21-Sep-23,Thursday,September,Q3,2023,EQ,2479.80,2503.80,2461.00,2470.30,2481.00,2479.25,2482.40,4190.00,1017.45,1279908.00,72931.00
20-Sep-23,Wednesday,September,Q3,2023,EQ,2502.40,2533.65,2458.90,2502.45,2470.40,2470.30,2489.13,4190.00,1017.45,1203019.00,53694.00
18-Sep-23,Monday,September,Q3,2023,EQ,2552.00,2555.00,2491.00,2540.05,2503.00,2502.45,2521.46,4190.00,1017.45,861677.00,41768.00
15-Sep-23,Friday,September,Q3,2023,EQ,2519.80,2558.00,2514.20,2519.80,2537.90,2540.05,2539.20,4190.00,1017.45,1547001.00,59448.00
14-Sep-23,Thursday,September,Q3,2023,EQ,2541.85,2545.00,2506.05,2518.90,2516.00,2519.80,2524.05,4190.00,1017.45,1218481.00,66834.00
13-Sep-23,Wednesday,September,Q3,2023,EQ,2545.70,2566.95,2496.00,2535.70,2525.00,2518.90,2528.52,4190.00,1017.45,1780068.00,64129.00
12-Sep-23,Tuesday,September,Q3,2023,EQ,2622.45,2626.60,2530.00,2614.95,2532.05,2535.70,2555.52,4190.00,1017.45,5658774.00,147400.00
11-Sep-23,Monday,September,Q3,2023,EQ,2565.00,2630.25,2546.00,2519.30,2612.00,2614.95,2581.13,4190.00,1017.45,9148241.00,181137.00
8-Sep-23,Friday,September,Q3,2023,EQ,2513.80,2538.60,2506.10,2509.50,2519.00,2519.30,2526.49,4190.00,1017.45,5640973.00,91658.00
7-Sep-23,Thursday,September,Q3,2023,EQ,2498.00,2520.00,2485.00,2496.50,2506.00,2509.50,2506.00,4190.00,1017.45,4298988.00,65954.00
6-Sep-23,Wednesday,September,Q3,2023,EQ,2494.05,2504.00,2471.00,2494.05,2489.45,2496.50,2493.74,4190.00,1017.45,7416248.00,129014.00
5-Sep-23,Tuesday,September,Q3,2023,EQ,2482.00,2501.40,2464.00,2470.60,2488.00,2494.05,2488.19,4190.00,1017.45,6489319.00,124950.00
4-Sep-23,Monday,September,Q3,2023,EQ,2454.00,2480.00,2450.05,2450.05,2470.50,2470.60,2470.54,4190.00,1017.45,5998454.00,104932.00
1-Sep-23,Friday,September,Q3,2023,EQ,2381.00,2465.55,2380.00,2419.25,2449.90,2450.05,2441.84,4190.00,1017.45,6764397.00,169694.00
31-Aug-23,Thursday,August,Q3,2023,EQ,2449.95,2489.95,2383.75,2513.10,2425.00,2419.25,2437.26,4190.00,1017.45,6230369.00,209189.00
30-Aug-23,Wednesday,August,Q3,2023,EQ,2517.00,2543.00,2492.40,2506.45,2510.00,2513.10,2525.87,4190.00,1017.45,6484593.00,116612.00
29-Aug-23,Tuesday,August,Q3,2023,EQ,2472.10,2536.65,2445.00,2472.45,2507.60,2506.45,2503.76,4190.00,1017.45,4802150.00,164344.00
28-Aug-23,Monday,August,Q3,2023,EQ,2550.00,2582.00,2455.65,2495.75,2473.95,2472.45,2499.94,4190.00,1017.45,4457038.00,147610.00
25-Aug-23,Friday,August,Q3,2023,EQ,2549.00,2549.00,2486.00,2539.55,2490.00,2495.75,2511.47,4190.00,1017.45,2808721.00,102176.00
24-Aug-23,Thursday,August,Q3,2023,EQ,2580.00,2613.00,2531.10,2530.30,2542.20,2539.55,2574.82,4190.00,1017.45,4558367.00,157473.00
23-Aug-23,Wednesday,August,Q3,2023,EQ,2720.00,2722.40,2488.85,2698.05,2539.00,2530.30,2603.20,4190.00,1017.45,5251316.00,189702.00
22-Aug-23,Tuesday,August,Q3,2023,EQ,2668.85,2721.00,2654.10,2639.75,2694.90,2698.05,2696.40,4190.00,1017.45,10291468.00,216090.00
21-Aug-23,Monday,August,Q3,2023,EQ,2588.00,2655.00,2580.50,2577.40,2637.00,2639.75,2630.61,4190.00,1017.45,10479200.00,216694.00
18-Aug-23,Friday,August,Q3,2023,EQ,2477.50,2665.95,2461.30,2479.70,2570.95,2577.40,2562.98,4190.00,1017.45,14679923.00,344747.00
17-Aug-23,Thursday,August,Q3,2023,EQ,2454.95,2487.20,2442.05,2445.10,2477.50,2479.70,2462.66,4190.00,1017.45,7769452.00,134500.00
16-Aug-23,Wednesday,August,Q3,2023,EQ,2450.00,2465.00,2420.00,2456.00,2442.00,2445.10,2450.99,4190.00,1017.45,7084828.00,130359.00
14-Aug-23,Monday,August,Q3,2023,EQ,2480.00,2484.95,2400.05,2539.50,2446.95,2456.00,2450.44,4190.00,1017.45,9786919.00,250812.00
11-Aug-23,Friday,August,Q3,2023,EQ,2550.05,2568.15,2518.20,2552.40,2538.00,2539.50,2552.42,4190.00,1017.45,7157372.00,153795.00
10-Aug-23,Thursday,August,Q3,2023,EQ,2510.00,2577.50,2510.00,2507.10,2549.00,2552.40,2549.54,4190.00,1017.45,8140756.00,186434.00
9-Aug-23,Wednesday,August,Q3,2023,EQ,2488.35,2516.90,2472.00,2474.55,2506.00,2507.10,2500.07,4190.00,1017.45,5781400.00,137283.00
8-Aug-23,Tuesday,August,Q3,2023,EQ,2563.25,2563.25,2461.30,2550.50,2477.05,2474.55,2496.62,4190.00,1017.45,6127920.00,165124.00
7-Aug-23,Monday,August,Q3,2023,EQ,2550.95,2569.00,2516.40,2541.80,2552.00,2550.50,2545.71,4190.00,1017.45,4684333.00,104084.00
4-Aug-23,Friday,August,Q3,2023,EQ,2545.30,2557.90,2502.00,2532.60,2536.15,2541.80,2535.26,4190.00,1017.45,3294056.00,91387.00
3-Aug-23,Thursday,August,Q3,2023,EQ,2469.90,2550.00,2462.00,2473.55,2535.00,2532.60,2516.19,4190.00,1017.45,4720470.00,164423.00
2-Aug-23,Wednesday,August,Q3,2023,EQ,2493.00,2514.00,2451.00,2481.10,2473.10,2473.55,2486.61,4190.00,1017.45,2506971.00,92290.00
1-Aug-23,Tuesday,August,Q3,2023,EQ,2504.85,2514.00,2455.25,2492.20,2481.90,2481.10,2480.87,4190.00,1017.45,1575727.00,66292.00
31-Jul-23,Monday,July,Q3,2023,EQ,2477.00,2518.00,2467.00,2463.20,2490.05,2492.20,2490.25,4190.00,1017.45,3359974.00,95349.00
28-Jul-23,Friday,July,Q3,2023,EQ,2437.00,2481.65,2431.10,2428.40,2459.00,2463.20,2461.29,4190.00,1017.45,2339800.00,83380.00
27-Jul-23,Thursday,July,Q3,2023,EQ,2470.75,2485.00,2415.00,2470.75,2433.60,2428.40,2445.56,4190.00,1017.45,2243944.00,79442.00
26-Jul-23,Wednesday,July,Q3,2023,EQ,2472.45,2506.00,2446.00,2466.65,2468.00,2470.75,2479.60,4190.00,1017.45,4021773.00,123641.00
25-Jul-23,Tuesday,July,Q3,2023,EQ,2428.00,2479.00,2416.00,2418.20,2465.10,2466.65,2446.15,4190.00,1017.45,3017555.00,93641.00
24-Jul-23,Monday,July,Q3,2023,EQ,2430.00,2439.40,2412.05,2416.30,2416.00,2418.20,2424.70,4190.00,1017.45,1113193.00,44300.00
21-Jul-23,Friday,July,Q3,2023,EQ,2410.00,2457.85,2395.30,2419.75,2420.00,2416.30,2432.97,4190.00,1017.45,2280563.00,86825.00
20-Jul-23,Thursday,July,Q3,2023,EQ,2428.95,2433.90,2400.00,2423.75,2419.95,2419.75,2419.72,4190.00,1017.45,1564275.00,69720.00
19-Jul-23,Wednesday,July,Q3,2023,EQ,2428.65,2443.00,2416.90,2416.90,2423.90,2423.75,2428.08,4190.00,1017.45,1637260.00,66734.00
18-Jul-23,Tuesday,July,Q3,2023,EQ,2415.00,2510.00,2405.20,2408.55,2416.00,2416.90,2446.49,4190.00,1017.45,5978272.00,218769.00
17-Jul-23,Monday,July,Q3,2023,EQ,2399.90,2459.50,2391.30,2376.10,2410.00,2408.55,2425.15,4190.00,1017.45,3090373.00,126827.00
14-Jul-23,Friday,July,Q3,2023,EQ,2375.00,2385.00,2340.00,2362.05,2382.00,2376.10,2363.27,4190.00,1017.45,1353535.00,59601.00
13-Jul-23,Thursday,July,Q3,2023,EQ,2397.00,2405.70,2355.55,2387.90,2363.00,2362.05,2381.02,4190.00,1017.45,1247741.00,54521.00
12-Jul-23,Wednesday,July,Q3,2023,EQ,2429.90,2432.00,2380.45,2422.90,2390.00,2387.90,2400.74,4190.00,1017.45,1445282.00,62902.00
11-Jul-23,Tuesday,July,Q3,2023,EQ,2423.75,2444.95,2388.00,2410.25,2418.00,2422.90,2423.62,4190.00,1017.45,2247776.00,89046.00
10-Jul-23,Monday,July,Q3,2023,EQ,2392.80,2462.70,2355.00,2379.60,2411.80,2410.25,2411.32,4190.00,1017.45,3771285.00,133840.00
7-Jul-23,Friday,July,Q3,2023,EQ,2395.00,2409.95,2368.10,2402.90,2380.00,2379.60,2386.37,4190.00,1017.45,1823645.00,63030.00
6-Jul-23,Thursday,July,Q3,2023,EQ,2399.15,2427.60,2390.00,2399.15,2397.05,2402.90,2406.35,4190.00,1017.45,2476366.00,72164.00
5-Jul-23,Wednesday,July,Q3,2023,EQ,2391.00,2412.05,2374.00,2387.70,2401.00,2399.15,2395.05,4190.00,1017.45,2198481.00,64720.00
4-Jul-23,Tuesday,July,Q3,2023,EQ,2397.00,2414.00,2373.05,2385.50,2388.00,2387.70,2395.02,4190.00,1017.45,2308684.00,79061.00
3-Jul-23,Monday,July,Q3,2023,EQ,2405.00,2417.85,2373.20,2388.05,2384.75,2385.50,2392.89,4190.00,1017.45,2662358.00,89985.00
30-Jun-23,Friday,June,Q2,2023,EQ,2437.95,2437.95,2350.00,2402.00,2390.00,2388.05,2390.92,4190.00,1017.45,5125497.00,175623.00
28-Jun-23,Wednesday,June,Q2,2023,EQ,2300.00,2418.60,2293.85,2284.45,2413.00,2402.00,2330.90,4190.00,1017.45,28353193.00,319100.00
27-Jun-23,Tuesday,June,Q2,2023,EQ,2328.95,2343.85,2271.00,2295.60,2283.90,2284.45,2305.44,4190.00,1017.45,3361053.00,119408.00
26-Jun-23,Monday,June,Q2,2023,EQ,2210.05,2336.45,2173.05,2233.55,2301.90,2295.60,2283.14,4190.00,1017.45,7847341.00,282882.00
23-Jun-23,Friday,June,Q2,2023,EQ,2392.30,2392.30,2163.30,2397.25,2229.00,2233.55,2245.65,4190.00,1017.45,15213238.00,538949.00
22-Jun-23,Thursday,June,Q2,2023,EQ,2425.10,2449.95,2360.00,2405.95,2393.00,2397.25,2404.13,4190.00,1017.45,8459191.00,126915.00
21-Jun-23,Wednesday,June,Q2,2023,EQ,2426.70,2440.00,2393.10,2414.80,2425.00,2405.95,2403.11,4190.00,1017.45,7418013.00,97423.00
20-Jun-23,Tuesday,June,Q2,2023,EQ,2435.00,2435.00,2390.00,2401.40,2419.00,2414.80,2413.71,4190.00,1017.45,2479711.00,94144.00
19-Jun-23,Monday,June,Q2,2023,EQ,2504.00,2521.60,2350.00,2509.60,2411.45,2401.40,2414.19,4190.00,1017.45,11475674.00,240481.00
16-Jun-23,Friday,June,Q2,2023,EQ,2499.20,2526.90,2487.40,2485.65,2504.90,2509.60,2509.05,4190.00,1017.45,7999982.00,119702.00
15-Jun-23,Thursday,June,Q2,2023,EQ,2469.00,2527.00,2462.90,2457.15,2488.00,2485.65,2497.56,4190.00,1017.45,3744029.00,128109.00
14-Jun-23,Wednesday,June,Q2,2023,EQ,2469.90,2484.80,2452.35,2462.55,2457.00,2457.15,2466.03,4190.00,1017.45,1364403.00,52469.00
13-Jun-23,Tuesday,June,Q2,2023,EQ,2499.00,2505.00,2442.20,2484.80,2464.05,2462.55,2477.69,4190.00,1017.45,2210990.00,84140.00
12-Jun-23,Monday,June,Q2,2023,EQ,2460.00,2505.00,2432.60,2451.15,2492.40,2484.80,2475.91,4190.00,1017.45,2804898.00,109217.00
9-Jun-23,Friday,June,Q2,2023,EQ,2447.95,2458.90,2428.00,2429.15,2454.00,2451.15,2446.22,4190.00,1017.45,1948506.00,70948.00
8-Jun-23,Thursday,June,Q2,2023,EQ,2450.00,2475.90,2369.05,2439.55,2436.20,2429.15,2432.48,4190.00,1017.45,3781621.00,143560.00
7-Jun-23,Wednesday,June,Q2,2023,EQ,2453.00,2466.95,2435.00,2433.65,2440.50,2439.55,2449.14,4190.00,1017.45,2522516.00,85030.00
6-Jun-23,Tuesday,June,Q2,2023,EQ,2475.00,2506.95,2425.90,2433.95,2430.05,2433.65,2446.03,4190.00,1017.45,6473608.00,142108.00
5-Jun-23,Monday,June,Q2,2023,EQ,2463.20,2514.00,2428.00,2445.05,2440.00,2433.95,2465.50,4190.00,1017.45,2956768.00,124934.00
2-Jun-23,Friday,June,Q2,2023,EQ,2535.00,2538.90,2425.00,2492.15,2440.00,2445.05,2459.27,4190.00,1017.45,5543791.00,141696.00
1-Jun-23,Thursday,June,Q2,2023,EQ,2499.90,2560.00,2485.30,2493.35,2496.00,2492.15,2507.49,4190.00,1017.45,1704946.00,72211.00
31-May-23,Wednesday,May,Q2,2023,EQ,2482.00,2573.00,2428.00,2496.45,2494.00,2493.35,2506.49,4190.00,1017.45,4268439.00,181970.00
30-May-23,Tuesday,May,Q2,2023,EQ,2529.30,2554.15,2475.15,2534.05,2497.00,2496.45,2522.15,4190.00,1017.45,1736953.00,80071.00
29-May-23,Monday,May,Q2,2023,EQ,2570.00,2583.50,2523.00,2544.35,2533.00,2534.05,2549.41,4190.00,1017.45,2779432.00,113984.00
26-May-23,Friday,May,Q2,2023,EQ,2565.00,2599.95,2535.15,2537.45,2540.00,2544.35,2559.29,4190.00,1017.45,3963515.00,170861.00
25-May-23,Thursday,May,Q2,2023,EQ,2440.00,2558.80,2386.65,2475.60,2548.00,2537.45,2470.91,4190.00,1017.45,8434009.00,345309.00
24-May-23,Wednesday,May,Q2,2023,EQ,2709.00,2750.00,2425.35,2633.70,2475.00,2475.60,2554.26,4190.00,1017.45,23465761.00,834165.00
23-May-23,Tuesday,May,Q2,2023,EQ,2410.90,2759.45,2400.00,2326.10,2639.95,2633.70,2636.02,4190.00,1017.45,28432888.00,873248.00
22-May-23,Monday,May,Q2,2023,EQ,2010.00,2347.00,1983.40,1956.05,2338.55,2326.10,2212.95,4190.00,1017.45,26311368.00,779253.00
19-May-23,Friday,May,Q2,2023,EQ,1888.00,1983.00,1872.10,1890.00,1955.00,1956.05,1933.65,4190.00,1017.45,7541150.00,249199.00
18-May-23,Thursday,May,Q2,2023,EQ,1910.05,1924.00,1877.20,1899.50,1883.00,1890.00,1900.73,4190.00,1017.45,2437396.00,73391.00
17-May-23,Wednesday,May,Q2,2023,EQ,1900.00,1919.95,1857.75,1889.15,1897.05,1899.50,1889.86,4190.00,1017.45,3632797.00,121068.00
16-May-23,Tuesday,May,Q2,2023,EQ,1927.00,1935.00,1881.00,1916.05,1898.00,1889.15,1907.38,4190.00,1017.45,3058799.00,93909.00
15-May-23,Monday,May,Q2,2023,EQ,1959.90,1964.70,1880.00,1964.70,1910.00,1916.05,1910.98,4190.00,1017.45,4836782.00,166552.00
12-May-23,Friday,May,Q2,2023,EQ,2009.00,2010.00,1946.55,1984.65,1965.00,1964.70,1972.68,4190.00,1017.45,3816201.00,124303.00
11-May-23,Thursday,May,Q2,2023,EQ,1925.00,2013.75,1910.00,1892.15,1988.00,1984.65,1973.81,4190.00,1017.45,8835941.00,291184.00
10-May-23,Wednesday,May,Q2,2023,EQ,1899.00,1914.90,1883.95,1896.10,1891.00,1892.15,1900.91,4190.00,1017.45,1970906.00,71745.00
